uuid,source_dir,index,json_file,visual_glb,collision_glb,image_file
dd9a5591-3bdf-40f6-8624-6c5ae31d1200,001_bottle,0,model_data0.json,base0.glb,base0.glb,base0.jpg
b899162c-41d7-4c15-9fcf-45ce73862f38,001_bottle,1,model_data1.json,base1.glb,base1.glb,base1.jpg
53ece91a-9d1b-4e76-a6fc-47ff78e50d60,001_bottle,2,model_data2.json,base2.glb,base2.glb,base2.jpg
25bbaa4b-4899-448e-8bec-782ef6516aa6,001_bottle,3,model_data3.json,base3.glb,base3.glb,base3.jpg
a31a731f-1d98-4177-af89-41cca9f41d00,001_bottle,4,model_data4.json,base4.glb,base4.glb,base4.jpg
64cf4161-4fd9-4063-819f-75844dc64b9e,001_bottle,5,model_data5.json,base5.glb,base5.glb,base5.jpg
11963a85-78c1-44a4-9ec9-7df1f587662c,001_bottle,6,model_data6.json,base6.glb,base6.glb,base6.jpg
3d0407f7-d002-4d86-97eb-6c524ed0ebca,001_bottle,7,model_data7.json,base7.glb,base7.glb,base7.jpg
6b5eca07-f589-4087-8d1f-8d229b1d99d1,001_bottle,8,model_data8.json,base8.glb,base8.glb,base8.jpg
23425baf-9c0b-4412-b74c-1e97dc02fe8d,001_bottle,9,model_data9.json,base9.glb,base9.glb,base9.jpg
265e77ae-5ca8-41cf-a754-292a536cbd02,001_bottle,10,model_data10.json,base10.glb,base10.glb,base10.jpg
502747d8-a443-4335-946d-8800cc41042f,001_bottle,11,model_data11.json,base11.glb,base11.glb,base11.jpg
65a00983-6341-4343-988d-81bfb64678cb,001_bottle,12,model_data12.json,base12.glb,base12.glb,base12.jpg
76a8e470-8071-44f3-bc29-084fdd0fb8e5,001_bottle,13,model_data13.json,base13.glb,base13.glb,base13.jpg
680cb6b6-c89b-4de7-a13a-65ec92f709e1,001_bottle,14,model_data14.json,base14.glb,base14.glb,base14.jpg
9a274802-8c2e-4b75-acc3-4d8d789d262a,001_bottle,15,model_data15.json,base15.glb,base15.glb,base15.jpg
2dcf64d5-c90f-45d9-95ab-5bea66d32a25,001_bottle,16,model_data16.json,base16.glb,base16.glb,base16.jpg
2131c7c3-e6dd-4b63-8998-cc5ce062b2b9,001_bottle,17,model_data17.json,base17.glb,base17.glb,base17.jpg
9fad6922-f48d-4a1b-8aeb-1a1c510c612b,001_bottle,18,model_data18.json,base18.glb,base18.glb,base18.jpg
b6770f36-afd1-41ba-8bc6-d69423c8a832,001_bottle,19,model_data19.json,base19.glb,base19.glb,base19.jpg
a0b4a7b1-38ff-4664-ba4b-8bfae05d5145,001_bottle,20,model_data20.json,base20.glb,base20.glb,base20.jpg
291289b6-a2dd-4d98-b4e1-e5f4fee17e1e,001_bottle,21,model_data21.json,base21.glb,base21.glb,base21.jpg
915258ab-0936-4631-b45b-fe54ec538f0e,001_bottle,22,model_data22.json,base22.glb,base22.glb,base22.jpg
c00cd1d5-b6ce-4d7f-a1dc-49f200b386e5,002_bowl,1,model_data1.json,base1.glb,base1.glb,base1.jpg
f839150a-7969-4c10-a074-7593a4291e92,002_bowl,2,model_data2.json,base2.glb,base2.glb,base2.jpg
4db38094-3303-4b8f-80d0-d51099710d66,002_bowl,3,model_data3.json,base3.glb,base3.glb,base3.jpg
9ec93162-0033-458d-b055-921b40defe5d,002_bowl,4,model_data4.json,base4.glb,base4.glb,base4.jpg
24ded17d-28ce-42d9-8919-b52edcb16e2e,002_bowl,5,model_data5.json,base5.glb,base5.glb,base5.jpg
1036903a-a13e-43f5-a0ca-5cb876f81e8f,002_bowl,6,model_data6.json,base6.glb,base6.glb,base6.jpg
c39455d5-61cd-429b-bd27-3db830020d48,002_bowl,7,model_data7.json,base7.glb,base7.glb,base7.jpg
cdc4345a-0cf1-4819-80a3-cd4f45f162bc,003_plate,0,model_data0.json,base0.glb,base0.glb,base0.jpg
fc7caeed-3e72-4156-9fbc-86d9557fbf39,004_fluted-block,0,model_data0.json,base0.glb,base0.glb,base0.jpg
bea82e2a-170b-4be8-80ab-4134038e9ed2,004_fluted-block,1,model_data1.json,base1.glb,base1.glb,base1.jpg
bfb6999e-8d78-47c1-8a1b-8d9a9a922ea1,005_french-fries,0,model_data0.json,base0.glb,base0.glb,base0.jpg
00e0cb65-d493-4123-8352-042b3c890d20,005_french-fries,1,model_data1.json,base1.glb,base1.glb,base1.jpg
34a061d7-fb39-4e48-873c-04977bd4f204,005_french-fries,2,model_data2.json,base2.glb,base2.glb,base2.jpg
53b47d94-205a-4162-a03f-aa07662e0efa,005_french-fries,3,model_data3.json,base3.glb,base3.glb,base3.jpg
8cd42d30-5172-47cf-9018-6468d3703052,006_hamburg,0,model_data0.json,base0.glb,base0.glb,base0.jpg
00f4a665-4877-4d95-ab14-5d4e6a0b1c3d,006_hamburg,1,model_data1.json,base1.glb,base1.glb,base1.jpg
6bd2a2c4-7692-4831-a17c-4df3893501aa,006_hamburg,2,model_data2.json,base2.glb,base2.glb,base2.jpg
c8a48ed4-ef9e-4e17-bccb-30a9e04261d2,006_hamburg,3,model_data3.json,base3.glb,base3.glb,base3.jpg
e8a0216b-4769-41d5-93ed-3a0a2157a936,006_hamburg,4,model_data4.json,base4.glb,base4.glb,base4.jpg
4f5e4237-4139-44a3-9ccf-83ba9c239970,006_hamburg,5,model_data5.json,base5.glb,base5.glb,base5.jpg
87315c78-824b-4a58-b4a3-183bc323a931,007_shoe-box,0,model_data0.json,base0.glb,base0.glb,base0.jpg
9c8cd5b3-2c1e-42ff-8497-2bad90ab50e6,008_tray,0,model_data0.json,base0.glb,base0.glb,base0.jpg
26fcc9be-ab6f-4307-ba7c-2cbb29e2b00b,008_tray,1,model_data1.json,base1.glb,base1.glb,base1.jpg
67d1936e-e52f-4566-a7b7-4b4f6b3fced0,008_tray,2,model_data2.json,base2.glb,base2.glb,base2.jpg
9a29dc58-71ae-4ef0-9024-3609050c9b8d,008_tray,3,model_data3.json,base3.glb,base3.glb,base3.jpg
d1a1a32c-104c-41ee-b542-af68703f6eb7,011_dustbin,0,model_data0.json,base0.glb,base0.glb,base0.jpg
2cb18a27-6321-4db7-94c2-b34118ca589c,012_plant-pot,0,model_data0.json,base0.glb,base0.glb,base0.jpg
e9624bd7-3b56-4c7f-87bd-bf48387f91a0,012_plant-pot,1,model_data1.json,base1.glb,base1.glb,base1.jpg
38bd1dfc-772e-423b-85b0-4dfae46b1fa9,012_plant-pot,2,model_data2.json,base2.glb,base2.glb,base2.jpg
47fa5a0b-7799-4edf-a0d0-24224f31bc1c,012_plant-pot,3,model_data3.json,base3.glb,base3.glb,base3.jpg
888b3bb4-d320-4df6-9c87-09002c9ab036,012_plant-pot,4,model_data4.json,base4.glb,base4.glb,base4.jpg
bc108c0d-d286-432f-b33d-184acc6608d0,013_dumbbell-rack,0,model_data0.json,base0.glb,base0.glb,base0.jpg
a25c3b24-4e1a-45ed-926b-56e5529862ac,013_dumbbell-rack,1,model_data1.json,base1.glb,base1.glb,base1.jpg
dda7e515-dae3-4d63-966e-9f5226ab768e,013_dumbbell-rack,2,model_data2.json,base2.glb,base2.glb,base2.jpg
a3164674-0a5a-4671-8df7-b1fdb1e753ec,013_dumbbell-rack,3,model_data3.json,base3.glb,base3.glb,base3.jpg
4bf08ba2-e6c6-4944-a37c-57f55f4b0269,014_bookcase,0,model_data0.json,base0.glb,base0.glb,base0.jpg
362c493c-49b5-43b4-ab9f-7177121c2a50,014_bookcase,1,model_data1.json,base1.glb,base1.glb,base1.jpg
0ae74b7a-1318-4ece-b44b-eb8e116d8d9c,014_bookcase,2,model_data2.json,base2.glb,base2.glb,base2.jpg
1eb2910b-99a4-471c-9956-c85860de5bf1,014_bookcase,3,model_data3.json,base3.glb,base3.glb,base3.jpg
e3f65160-6017-44f3-8962-6d217f01fd82,017_calculator,0,model_data0.json,base0.glb,base0.glb,base0.jpg
2381b44a-f59f-4e34-8bb1-62ea860dac12,017_calculator,1,model_data1.json,base1.glb,base1.glb,base1.jpg
9a5dcdc3-823a-4d5c-90e2-1e968b099cf6,017_calculator,2,model_data2.json,base2.glb,base2.glb,base2.jpg
364ce918-c21f-44cb-9c84-9257a8618a82,017_calculator,3,model_data3.json,base3.glb,base3.glb,base3.jpg
aa59cd4b-fb57-4bcd-95b3-23a05de76ae5,017_calculator,4,model_data4.json,base4.glb,base4.glb,base4.jpg
b5017a03-f2f5-46e5-919c-24f09e6048a6,017_calculator,5,model_data5.json,base5.glb,base5.glb,base5.jpg
d23c4089-42c9-4621-8bdf-d08f13e70be1,018_microphone,0,model_data0.json,base0.glb,base0.glb,base0.jpg
1af25463-feca-40dc-934a-a356e7386d97,018_microphone,1,model_data1.json,base1.glb,base1.glb,base1.jpg
6958ce70-e2e2-4944-968c-5f2875f2a83a,018_microphone,4,model_data4.json,base4.glb,base4.glb,base4.jpg
40ccb914-9ffe-4632-bd25-3c92e54d34ca,018_microphone,5,model_data5.json,base5.glb,base5.glb,base5.jpg
d8bda831-e6af-4b92-8e86-4530352f2399,019_coaster,0,model_data0.json,base0.glb,base0.glb,base0.jpg
cce961d0-3edb-4e44-aaf1-b17dc0eefac2,020_hammer,0,model_data0.json,base0.glb,base0.glb,base0.jpg
a2d178b1-4464-44b6-9906-e0713eef7e34,021_cup,0,model_data0.json,base0.glb,base0.glb,base0.jpg
c090cb68-7cf8-4972-b132-240017b33d2c,021_cup,1,model_data1.json,base1.glb,base1.glb,base1.jpg
e0dddf95-df4b-4949-88d1-6e72e9de6923,021_cup,2,model_data2.json,base2.glb,base2.glb,base2.jpg
289df513-189f-40c0-926b-935c3fd08c04,021_cup,3,model_data3.json,base3.glb,base3.glb,base3.jpg
adffb7e6-ef19-475e-9acf-6994ae99dc9c,021_cup,4,model_data4.json,base4.glb,base4.glb,base4.jpg
cdbfc486-7b75-45ba-ae7d-fa7d62f1199b,021_cup,5,model_data5.json,base5.glb,base5.glb,base5.jpg
9dcb5103-8eca-4280-95ed-c3fddf712f95,021_cup,6,model_data6.json,base6.glb,base6.glb,base6.jpg
9cb67709-0190-49db-8d1a-980ac42042fe,021_cup,7,model_data7.json,base7.glb,base7.glb,base7.jpg
f189ec6b-31b3-4749-9a11-12ba108258b5,021_cup,8,model_data8.json,base8.glb,base8.glb,base8.jpg
ef0a89e6-3a1c-4726-9691-d1f65df96f39,021_cup,9,model_data9.json,base9.glb,base9.glb,base9.jpg
283148cf-3467-4b5c-a7bf-75bf7de763c5,021_cup,10,model_data10.json,base10.glb,base10.glb,base10.jpg
8efd63c7-6408-4829-907a-47a3479daead,021_cup,11,model_data11.json,base11.glb,base11.glb,base11.jpg
5aaf90c4-330e-48b6-ad96-13558e1346be,021_cup,12,model_data12.json,base12.glb,base12.glb,base12.jpg
cc2089af-7057-480a-8576-1580355cfb68,022_cup-with-liquid,0,model_data0.json,base0.glb,base0.glb,base0.jpg
3b3b9afc-bbbb-46bf-8637-d5b6a674c74a,023_tissue-box,0,model_data0.json,base0.glb,base0.glb,base0.jpg
51b69a7e-7958-4413-b268-7cb4a59babf3,023_tissue-box,1,model_data1.json,base1.glb,base1.glb,base1.jpg
82747666-28df-40d9-86dd-8e409478510a,023_tissue-box,2,model_data2.json,base2.glb,base2.glb,base2.jpg
4ef259aa-64bf-470d-91d4-777e185515cf,023_tissue-box,3,model_data3.json,base3.glb,base3.glb,base3.jpg
dd10bdd9-7d1b-4224-9967-c02e2197f576,023_tissue-box,4,model_data4.json,base4.glb,base4.glb,base4.jpg
9472821d-6a35-40c4-be11-e7f2761796b7,023_tissue-box,5,model_data5.json,base5.glb,base5.glb,base5.jpg
3f66d83e-e56c-4a69-af87-a604dcf7341d,023_tissue-box,6,model_data6.json,base6.glb,base6.glb,base6.jpg
1541929d-1f53-4743-ad60-d6a938e875c3,024_scanner,0,model_data0.json,base0.glb,base0.glb,base0.jpg
a005af9f-7f42-4dc0-b14c-786ba2427b80,024_scanner,1,model_data1.json,base1.glb,base1.glb,base1.jpg
5cd624f0-e80d-4a59-9599-509776df7c74,024_scanner,2,model_data2.json,base2.glb,base2.glb,base2.jpg
9e1715bc-07b7-4e7d-9c67-f7c8d6105ba5,024_scanner,3,model_data3.json,base3.glb,base3.glb,base3.jpg
9bf6b4ef-2844-4663-9f4c-980f25065e1a,024_scanner,4,model_data4.json,base4.glb,base4.glb,base4.jpg
64af2dd2-ed7c-4dea-8137-5663fb8c5f2c,025_chips-tub,0,model_data0.json,base0.glb,base0.glb,base0.jpg
3e50f415-f3b4-461c-aa3f-94bd6e3c4d16,025_chips-tub,1,model_data1.json,base1.glb,base1.glb,base1.jpg
21e0805c-cbfa-45e9-960c-08319638e987,025_chips-tub,2,model_data2.json,base2.glb,base2.glb,base2.jpg
c4818850-fb9b-4197-885f-cb96500ce9e7,025_chips-tub,3,model_data3.json,base3.glb,base3.glb,base3.jpg
2f0604dc-b4ef-434f-9756-5b5046efa2b7,026_pet-collar,0,model_data0.json,base0.glb,base0.glb,base0.jpg
9a90481b-9b64-47ce-b352-40615cd65da2,026_pet-collar,1,model_data1.json,base1.glb,base1.glb,base1.jpg
dbd50f81-9aa0-4c90-9a44-59fd85d3872c,026_pet-collar,2,model_data2.json,base2.glb,base2.glb,base2.jpg
2be36f9c-ee68-4872-9b3f-a83265fdb165,026_pet-collar,3,model_data3.json,base3.glb,base3.glb,base3.jpg
c2cd9821-74d6-4095-b34f-eb2b81dd975d,027_table-tennis,0,model_data0.json,base0.glb,base0.glb,base0.jpg
e1a2438d-af89-422f-aed5-0bdc73d17a9e,027_table-tennis,1,model_data1.json,base1.glb,base1.glb,base1.jpg
b93bcee0-b3dd-4468-a990-12f0aa2420a8,028_roll-paper,0,model_data0.json,base0.glb,base0.glb,base0.jpg
52b1a695-7027-46a9-9482-66ee7268820b,028_roll-paper,1,model_data1.json,base1.glb,base1.glb,base1.jpg
0ef2521c-4184-415a-bb4c-c1ec72c02e4e,028_roll-paper,2,model_data2.json,base2.glb,base2.glb,base2.jpg
d64dbf1c-1834-4b0f-9041-f338b38d9767,028_roll-paper,3,model_data3.json,base3.glb,base3.glb,base3.jpg
70d29151-b912-4ef5-9d6e-b9f8e85970ee,029_olive-oil,0,model_data0.json,base0.glb,base0.glb,base0.jpg
eb75d6c1-5f93-410f-bfc8-09d90c71757a,029_olive-oil,1,model_data1.json,base1.glb,base1.glb,base1.jpg
cbace341-2b85-4a3a-95e8-f141af51e0ca,029_olive-oil,2,model_data2.json,base2.glb,base2.glb,base2.jpg
3745c9b6-2bfb-4b61-94c9-13879a1c2488,029_olive-oil,3,model_data3.json,base3.glb,base3.glb,base3.jpg
a352d70c-fdeb-4b06-bafb-99e12cdcd5d6,029_olive-oil,4,model_data4.json,base4.glb,base4.glb,base4.jpg
dbac2613-2280-47da-a810-55d149eb48da,030_drill,0,model_data0.json,base0.glb,base0.glb,base0.jpg
27438658-a2bc-4214-bf90-316cdf06f084,030_drill,1,model_data1.json,base1.glb,base1.glb,base1.jpg
963ee828-19ce-4b1e-959d-373888d30af5,030_drill,2,model_data2.json,base2.glb,base2.glb,base2.jpg
0b4b8a67-3b2c-4956-a666-d6e72eb25049,030_drill,3,model_data3.json,base3.glb,base3.glb,base3.jpg
424e6589-fbb0-422d-94fc-3d0568f92fe3,030_drill,4,model_data4.json,base4.glb,base4.glb,base4.jpg
2e32e3c3-d974-4748-8811-ee941d6cc3bd,030_drill,5,model_data5.json,base5.glb,base5.glb,base5.jpg
da8f6630-7f1f-46b8-9285-2a9b106d34c1,030_drill,6,model_data6.json,base6.glb,base6.glb,base6.jpg
6fc6d47f-3c92-4c32-aeb6-bd0d403b9099,031_jam-jar,0,model_data0.json,base0.glb,base0.glb,base0.jpg
e17590aa-e0fe-4332-838a-cd9e527bf7b0,031_jam-jar,1,model_data1.json,base1.glb,base1.glb,base1.jpg
3322d5ae-e950-42fd-bb2e-9f610b48729a,031_jam-jar,2,model_data2.json,base2.glb,base2.glb,base2.jpg
3be9adc6-9761-4097-9ba0-ba1bb102205e,031_jam-jar,3,model_data3.json,base3.glb,base3.glb,base3.jpg
46fd9937-393f-487f-9101-84b9b2dc0f7d,031_jam-jar,4,model_data4.json,base4.glb,base4.glb,base4.jpg
0c28b085-43bd-4481-a46a-2173f3daa102,032_screwdriver,0,model_data0.json,base0.glb,base0.glb,base0.jpg
5d132a45-2620-4f1a-88f5-756b7e5c262b,033_fork,0,model_data0.json,base0.glb,base0.glb,base0.jpg
76b433a0-90ac-4f80-81f4-9dd1303e9d8c,034_knife,0,model_data0.json,base0.glb,base0.glb,base0.jpg
9ccc5a88-6f11-4b1b-817b-84c0842b82b0,035_apple,0,model_data0.json,base0.glb,base0.glb,base0.jpg
51a535d1-7f85-44d4-970e-fa759f55b321,035_apple,1,model_data1.json,base1.glb,base1.glb,base1.jpg
f52c4d04-17a4-45dc-9351-162b5359b21c,038_milk-box,0,model_data0.json,base0.glb,base0.glb,base0.jpg
9181c2b6-39a8-4d26-b23c-2e3bb5a4dd04,038_milk-box,1,model_data1.json,base1.glb,base1.glb,base1.jpg
f9ed1031-8152-4576-b8c3-04100b85dba6,038_milk-box,2,model_data2.json,base2.glb,base2.glb,base2.jpg
8190badd-bf67-43cd-9e2e-b579125b2c79,038_milk-box,3,model_data3.json,base3.glb,base3.glb,base3.jpg
acaa193f-5c10-4840-936a-7b0b9bb8f59a,039_mug,0,model_data0.json,base0.glb,base0.glb,base0.jpg
fdfa1a4c-7270-416d-b483-2847c7f37259,039_mug,1,model_data1.json,base1.glb,base1.glb,base1.jpg
00bbcdaf-fd7e-42bb-b17a-48ab081971f0,039_mug,2,model_data2.json,base2.glb,base2.glb,base2.jpg
84450536-e5a3-4a64-87f1-4c1b5b48b606,039_mug,3,model_data3.json,base3.glb,base3.glb,base3.jpg
e84b038e-0cde-4bb6-b640-b9a3737b1207,039_mug,4,model_data4.json,base4.glb,base4.glb,base4.jpg
e2862e42-2e1d-4ef4-b924-92ccce94a365,039_mug,5,model_data5.json,base5.glb,base5.glb,base5.jpg
70802ab6-3c01-48f8-a446-b6ffb262cf9e,039_mug,6,model_data6.json,base6.glb,base6.glb,base6.jpg
97a6b9f6-202f-488d-ab99-b24f4c4d7915,039_mug,7,model_data7.json,base7.glb,base7.glb,base7.jpg
c7bfc0e8-cb8d-4906-bdf0-0215a06b52b5,039_mug,8,model_data8.json,base8.glb,base8.glb,base8.jpg
e899b38d-c725-432d-a805-09673409d0d1,039_mug,9,model_data9.json,base9.glb,base9.glb,base9.jpg
c755aa15-67eb-404c-b576-770c83c6bf46,039_mug,10,model_data10.json,base10.glb,base10.glb,base10.jpg
ff18047a-6f25-42ab-9988-d592dc1db04d,039_mug,11,model_data11.json,base11.glb,base11.glb,base11.jpg
3b4ec10f-dfeb-4e8d-8fc9-273694c35286,039_mug,12,model_data12.json,base12.glb,base12.glb,base12.jpg
c233e28d-badc-4dea-9918-4db7ca99c418,040_rack,0,model_data0.json,base0.glb,base0.glb,base0.jpg
0fa5b250-500c-4af1-93ed-09fc4a947d29,041_shoe,0,model_data0.json,base0.glb,base0.glb,base0.jpg
01237be2-356a-4a66-8084-337fba056eb3,041_shoe,1,model_data1.json,base1.glb,base1.glb,base1.jpg
2b439d93-45e9-45ba-b7d5-a72675f8e691,041_shoe,2,model_data2.json,base2.glb,base2.glb,base2.jpg
212ce446-e01a-4ab7-ae3b-a5dcd1f683e6,041_shoe,3,model_data3.json,base3.glb,base3.glb,base3.jpg
973725a9-1523-4314-b9b1-a61e2ea9f704,041_shoe,4,model_data4.json,base4.glb,base4.glb,base4.jpg
8eda1b14-49d7-403e-8977-45d335569354,041_shoe,5,model_data5.json,base5.glb,base5.glb,base5.jpg
df190a8c-16c2-4f91-bb24-0b784c41215d,041_shoe,6,model_data6.json,base6.glb,base6.glb,base6.jpg
73d7ad92-72f8-4f13-948c-f043724ec1d6,041_shoe,7,model_data7.json,base7.glb,base7.glb,base7.jpg
658a840e-50d7-48fd-afae-8da35165fcef,041_shoe,8,model_data8.json,base8.glb,base8.glb,base8.jpg
1363ec6e-875a-4d87-98c3-00e97e049307,041_shoe,9,model_data9.json,base9.glb,base9.glb,base9.jpg
e4ea0103-177b-4136-8edd-f828a9748d00,042_wooden_box,0,model_data0.json,base0.glb,base0.glb,base0.jpg
ff7e5a1f-13f2-4841-a163-d3f2404ec9f5,043_book,0,model_data0.json,base0.glb,base0.glb,base0.jpg
53356b06-2f35-4b0a-89bd-a0d1420a8bb7,043_book,1,model_data1.json,base1.glb,base1.glb,base1.jpg
bbb7f81e-809f-4f86-85d1-5e6b2ed8f010,045_sand-clock,0,model_data0.json,base0.glb,base0.glb,base0.jpg
0ce24e43-0746-4535-8fb1-5f53e7711f5e,045_sand-clock,1,model_data1.json,base1.glb,base1.glb,base1.jpg
ee3c8661-073f-4fa9-a9e2-1f1b8509932e,045_sand-clock,3,model_data3.json,base3.glb,base3.glb,base3.jpg
30449f30-9ae5-427b-b57e-a0a3c23173ed,046_alarm-clock,0,model_data0.json,base0.glb,base0.glb,base0.jpg
4934dcf1-8249-4af1-8bc8-9794dd860603,046_alarm-clock,1,model_data1.json,base1.glb,base1.glb,base1.jpg
ff4062d3-7dd5-48db-a232-a2bf12da549d,046_alarm-clock,2,model_data2.json,base2.glb,base2.glb,base2.jpg
37d603e5-8ea7-40d6-a00f-fa88a1e0850b,046_alarm-clock,3,model_data3.json,base3.glb,base3.glb,base3.jpg
aca170f0-5d81-45c5-aab3-a4fc6cc7d1d7,046_alarm-clock,4,model_data4.json,base4.glb,base4.glb,base4.jpg
5679f864-1909-4a41-8e1d-d1362999d26f,046_alarm-clock,5,model_data5.json,base5.glb,base5.glb,base5.jpg
6f85c453-d80c-4a93-833a-58280acfd1b6,047_mouse,0,model_data0.json,base0.glb,base0.glb,base0.jpg
72873ffe-eeb5-4ea3-a114-40111a7b2ac2,047_mouse,1,model_data1.json,base1.glb,base1.glb,base1.jpg
a36ed149-7072-4d16-965f-9e440a084084,047_mouse,2,model_data2.json,base2.glb,base2.glb,base2.jpg
e58f2fde-ed7e-461e-978c-850915f4c65d,048_stapler,0,model_data0.json,base0.glb,base0.glb,base0.jpg
cfefa6ed-5ff9-48d8-8fe5-ff357918ca0e,048_stapler,1,model_data1.json,base1.glb,base1.glb,base1.jpg
698dfdb7-1de9-4612-9da7-bed8ce5cdb17,048_stapler,2,model_data2.json,base2.glb,base2.glb,base2.jpg
f3bcb801-8c17-40e7-a922-dd5802c3af7f,048_stapler,3,model_data3.json,base3.glb,base3.glb,base3.jpg
2c62657d-d424-4d9d-97b8-43a4ef841b16,048_stapler,4,model_data4.json,base4.glb,base4.glb,base4.jpg
7d1e77e2-e8a8-43b5-9157-81b5ef43753b,048_stapler,5,model_data5.json,base5.glb,base5.glb,base5.jpg
216dc87d-7ee1-446f-af04-932a9d610af7,048_stapler,6,model_data6.json,base6.glb,base6.glb,base6.jpg
69ed29ce-1e23-4406-8fc7-c37b6922c529,049_shampoo,1,model_data1.json,base1.glb,base1.glb,base1.jpg
0d500fea-8569-4750-a1f3-d7d6d3e7fcb6,049_shampoo,2,model_data2.json,base2.glb,base2.glb,base2.jpg
11f8efd2-9160-4c32-b52e-df2ed0a677f4,049_shampoo,3,model_data3.json,base3.glb,base3.glb,base3.jpg
3a309199-b495-4d6f-a2b3-54ed7a6985a1,049_shampoo,4,model_data4.json,base4.glb,base4.glb,base4.jpg
16e9a99d-e07e-4b2b-b0a1-a6222c21f319,049_shampoo,5,model_data5.json,base5.glb,base5.glb,base5.jpg
5f639499-5145-4bb8-9108-3cdbd424f49f,049_shampoo,6,model_data6.json,base6.glb,base6.glb,base6.jpg
a3f168ee-3f1c-4a3c-820d-a73bd39be057,049_shampoo,7,model_data7.json,base7.glb,base7.glb,base7.jpg
67e76ce5-bf9c-48c9-b806-5ffb400f86bd,050_bell,0,model_data0.json,base0.glb,base0.glb,base0.jpg
8c8d5355-0fca-4490-8174-b5c53f2ef575,050_bell,1,model_data1.json,base1.glb,base1.glb,base1.jpg
2edd5e31-be93-48e5-96d2-70f10154bc32,051_candlestick,0,model_data0.json,base0.glb,base0.glb,base0.jpg
5c7377b2-c700-4939-be6e-74c30bba74e6,051_candlestick,1,model_data1.json,base1.glb,base1.glb,base1.jpg
5ef8dfdf-56ee-49cd-8c8b-438c02e0be0f,051_candlestick,2,model_data2.json,base2.glb,base2.glb,base2.jpg
ec1e9043-d1bb-4435-b0a9-c85b8260f7a0,051_candlestick,3,model_data3.json,base3.glb,base3.glb,base3.jpg
c35fb3e6-2042-4f34-84b4-f2390b4427ea,051_candlestick,4,model_data4.json,base4.glb,base4.glb,base4.jpg
5f5b7ff9-738b-4c90-a0c6-ca73f02467e0,052_dumbbell,0,model_data0.json,base0.glb,base0.glb,base0.jpg
08154c4d-8177-47dc-ade4-6f1a1a8de00f,052_dumbbell,1,model_data1.json,base1.glb,base1.glb,base1.jpg
e4b71acc-7255-401c-b511-a5c7f77c5d2d,052_dumbbell,2,model_data2.json,base2.glb,base2.glb,base2.jpg
c7ec4c10-8642-44a5-9d51-d59511ded902,052_dumbbell,3,model_data3.json,base3.glb,base3.glb,base3.jpg
bc3772c7-a57c-4ce3-a2b8-4f1711b257af,052_dumbbell,4,model_data4.json,base4.glb,base4.glb,base4.jpg
6fcfc758-44f8-4577-95ef-c8a64994f92e,052_dumbbell,5,model_data5.json,base5.glb,base5.glb,base5.jpg
0e59aaf0-6ef4-49c1-9a23-e0150096e0b1,052_dumbbell,6,model_data6.json,base6.glb,base6.glb,base6.jpg
bfaecde8-3211-402c-ab96-549006078ded,053_teanet,1,model_data1.json,base1.glb,base1.glb,base1.jpg
8e5b27f8-b8b4-41a1-9457-58d1fa2be9ea,053_teanet,4,model_data4.json,base4.glb,base4.glb,base4.jpg
f4ace86a-b64d-4471-9d0f-2cc38447f00f,053_teanet,5,model_data5.json,base5.glb,base5.glb,base5.jpg
5203f556-23d0-47eb-903c-688af7df35b3,053_teanet,6,model_data6.json,base6.glb,base6.glb,base6.jpg
50fa7d87-7967-4c5e-aa7c-9232aba630bd,053_teanet,7,model_data7.json,base7.glb,base7.glb,base7.jpg
7847a89e-c0cb-4f6c-ba4d-bf2c687b31f1,054_baguette,2,model_data2.json,base2.glb,base2.glb,base2.jpg
5babea6b-4833-43d4-9b5b-6d86ef7fa026,054_baguette,3,model_data3.json,base3.glb,base3.glb,base3.jpg
20daeed6-2a54-46c1-af59-f044bdfcb7ff,055_small-speaker,1,model_data1.json,base1.glb,base1.glb,base1.jpg
18cf78cc-e3d0-494b-a00b-7e4d0a80048b,055_small-speaker,2,model_data2.json,base2.glb,base2.glb,base2.jpg
196811db-cd1f-4f99-a06f-fb7688289718,055_small-speaker,3,model_data3.json,base3.glb,base3.glb,base3.jpg
ed304498-00db-4a04-adf6-65b04b7c583e,057_toycar,0,model_data0.json,base0.glb,base0.glb,base0.jpg
6dc46b28-7335-48a3-beeb-eed13394d315,057_toycar,1,model_data1.json,base1.glb,base1.glb,base1.jpg
6795515e-03f3-4b4e-a29c-a5dffd7106da,057_toycar,2,model_data2.json,base2.glb,base2.glb,base2.jpg
df142a62-589b-4304-839f-b31508886554,057_toycar,3,model_data3.json,base3.glb,base3.glb,base3.jpg
d0ce8a6c-5007-4574-add2-7f96eaed4db2,057_toycar,4,model_data4.json,base4.glb,base4.glb,base4.jpg
955bf165-b447-4c1c-9ee0-e0ee88935867,057_toycar,5,model_data5.json,base5.glb,base5.glb,base5.jpg
706fd1a1-11dd-432b-896d-902606ff9315,058_markpen,0,model_data0.json,base0.glb,base0.glb,base0.jpg
41c0270d-49cc-41ad-a2ab-6a8ae87c73d8,058_markpen,1,model_data1.json,base1.glb,base1.glb,base1.jpg
bb02c27b-a9ab-4a28-ae4d-7689675f4231,058_markpen,2,model_data2.json,base2.glb,base2.glb,base2.jpg
9e83aa5d-0a1d-43d3-ba43-62c5bd575922,058_markpen,3,model_data3.json,base3.glb,base3.glb,base3.jpg
5c6abb78-b62f-4cb3-8e3d-a73fc52e5335,058_markpen,4,model_data4.json,base4.glb,base4.glb,base4.jpg
f087e762-26e6-4622-a583-68929a2e5cc4,058_markpen,5,model_data5.json,base5.glb,base5.glb,base5.jpg
fbde4bdb-544c-4795-a5b3-56256abd9801,059_pencup,0,model_data0.json,base0.glb,base0.glb,base0.jpg
c3abd5d4-fa7a-4fb3-acf8-a87da1c450ad,059_pencup,1,model_data1.json,base1.glb,base1.glb,base1.jpg
56114f36-82e6-4d33-bab8-3949017df91c,059_pencup,2,model_data2.json,base2.glb,base2.glb,base2.jpg
8a4bb75d-0fe1-42bc-9552-34d13ab6b171,059_pencup,3,model_data3.json,base3.glb,base3.glb,base3.jpg
4f362785-778e-4105-ab12-9fa580065f32,059_pencup,4,model_data4.json,base4.glb,base4.glb,base4.jpg
4eaaeba3-e169-4c21-b35e-4819713d7e17,059_pencup,5,model_data5.json,base5.glb,base5.glb,base5.jpg
f0536850-eafd-49dc-9dc3-063f993421ac,059_pencup,6,model_data6.json,base6.glb,base6.glb,base6.jpg
530629e8-53fc-48c0-92bb-acff01198f0c,061_battery,0,model_data0.json,base0.glb,base0.glb,base0.jpg
155a218a-c9e5-44e6-ac83-a0728d0c1107,061_battery,1,model_data1.json,base1.glb,base1.glb,base1.jpg
670bc83e-3a33-47b4-898f-82a00cca377b,061_battery,2,model_data2.json,base2.glb,base2.glb,base2.jpg
ba419892-f7eb-4a3f-8c60-a9de05456709,061_battery,3,model_data3.json,base3.glb,base3.glb,base3.jpg
8705e6eb-e8c7-4bc4-942f-1c9c685e93ab,061_battery,4,model_data4.json,base4.glb,base4.glb,base4.jpg
352e3e29-356b-484f-9523-f628cb076de9,061_battery,5,model_data5.json,base5.glb,base5.glb,base5.jpg
41f66a44-8dde-4d78-9148-ae1ab7a33e40,062_plasticbox,0,model_data0.json,base0.glb,base0.glb,base0.jpg
1d45796a-7a0b-45e7-8929-8161c4061417,062_plasticbox,1,model_data1.json,base1.glb,base1.glb,base1.jpg
b1e2332f-29a0-41a4-a1a5-5acd63a48ed9,062_plasticbox,2,model_data2.json,base2.glb,base2.glb,base2.jpg
f1805bd5-750b-4e3b-84c4-fe096351f56a,062_plasticbox,3,model_data3.json,base3.glb,base3.glb,base3.jpg
a7606945-acb7-4dfa-a7d2-28a7b22feb67,062_plasticbox,4,model_data4.json,base4.glb,base4.glb,base4.jpg
93e3f79c-7398-4e41-a98b-977eb3355fb6,062_plasticbox,5,model_data5.json,base5.glb,base5.glb,base5.jpg
fc9ee43c-f933-4ce5-aa29-5ba4ab527510,062_plasticbox,6,model_data6.json,base6.glb,base6.glb,base6.jpg
ecc36605-f00b-488a-b7d8-dfc0f407b5e2,062_plasticbox,7,model_data7.json,base7.glb,base7.glb,base7.jpg
63bebf54-6d65-4c69-90f9-c9c3a14cea81,062_plasticbox,8,model_data8.json,base8.glb,base8.glb,base8.jpg
a62c9c32-5489-4698-adc4-c7621bc1d52e,062_plasticbox,9,model_data9.json,base9.glb,base9.glb,base9.jpg
0b5f4e0c-a0db-455c-8b5d-7314dd32ec52,062_plasticbox,10,model_data10.json,base10.glb,base10.glb,base10.jpg
cf79afe6-61f6-47ff-ab00-17d788dba34b,063_tabletrashbin,0,model_data0.json,base0.glb,base0.glb,base0.jpg
af649d44-54cb-4327-a9d3-20f16c5aa920,063_tabletrashbin,1,model_data1.json,base1.glb,base1.glb,base1.jpg
a8f8d28a-cb64-4839-9394-a9bcf1e35b52,063_tabletrashbin,2,model_data2.json,base2.glb,base2.glb,base2.jpg
3dc0e0ed-37e5-4275-bc22-d5bbf282205a,063_tabletrashbin,3,model_data3.json,base3.glb,base3.glb,base3.jpg
a24552ed-5649-4f48-a0da-96ef7f34184d,063_tabletrashbin,4,model_data4.json,base4.glb,base4.glb,base4.jpg
7d4cbbbd-f5fc-4b95-a628-f86e15affda5,063_tabletrashbin,5,model_data5.json,base5.glb,base5.glb,base5.jpg
f85770c2-abbf-4c93-9dd6-a152c1b9d27e,063_tabletrashbin,6,model_data6.json,base6.glb,base6.glb,base6.jpg
08d7a42a-309a-4ff0-9b7c-6eefae1c71f3,063_tabletrashbin,7,model_data7.json,base7.glb,base7.glb,base7.jpg
bb16d0ec-c350-40ba-be61-3aeaabbe76b2,063_tabletrashbin,8,model_data8.json,base8.glb,base8.glb,base8.jpg
f5744215-1576-4f9c-b8ce-26361523e4ce,063_tabletrashbin,9,model_data9.json,base9.glb,base9.glb,base9.jpg
aea1ec1d-a6a1-449d-bc6a-12fc742ed241,063_tabletrashbin,10,model_data10.json,base10.glb,base10.glb,base10.jpg
7cbb03b1-c320-437d-8b5d-6aa83e58e0fe,064_msg,0,model_data0.json,base0.glb,base0.glb,base0.jpg
299ff0ee-9bfa-4295-bc5c-3accf8c58b95,064_msg,1,model_data1.json,base1.glb,base1.glb,base1.jpg
e1be82b1-6bfb-4109-a2d5-792177703d6c,064_msg,2,model_data2.json,base2.glb,base2.glb,base2.jpg
84df6a36-5261-4185-b1f6-d5410aeddfcc,064_msg,3,model_data3.json,base3.glb,base3.glb,base3.jpg
10baf04f-9dd8-455b-956a-60e9453ea37b,064_msg,4,model_data4.json,base4.glb,base4.glb,base4.jpg
0890e138-68b2-4bb6-bbcf-eb4fd45301a8,064_msg,5,model_data5.json,base5.glb,base5.glb,base5.jpg
ca8ee5aa-0fdf-4ea8-bd2f-728e399959a8,065_soy-sauce,0,model_data0.json,base0.glb,base0.glb,base0.jpg
c1dc09fc-e5b8-4b2c-a1ee-adb7fe68e6be,065_soy-sauce,1,model_data1.json,base1.glb,base1.glb,base1.jpg
61b2f1fe-8526-4b65-9d6c-4fc23afb175a,065_soy-sauce,2,model_data2.json,base2.glb,base2.glb,base2.jpg
81867975-0cf0-4e0f-8ba0-4a2323cf8ee9,065_soy-sauce,3,model_data3.json,base3.glb,base3.glb,base3.jpg
822b6b8c-fb5f-4d80-8eaf-c97c5457b982,065_soy-sauce,4,model_data4.json,base4.glb,base4.glb,base4.jpg
f17dee28-f994-41d6-af9e-a2887bb09806,066_vinegar,0,model_data0.json,base0.glb,base0.glb,base0.jpg
4c6366cb-db5a-48f5-9ab4-4eb0a09ad406,066_vinegar,1,model_data1.json,base1.glb,base1.glb,base1.jpg
a5769ed9-76fb-4919-94a0-1dad0d75b594,066_vinegar,2,model_data2.json,base2.glb,base2.glb,base2.jpg
6ea35f98-e6ec-4fb4-bc4a-130ac9fd7db6,067_steamer,0,model_data0.json,base0.glb,base0.glb,base0.jpg
39b213e4-5f6b-4d87-a90a-7a58c626b9f6,067_steamer,1,model_data1.json,base1.glb,base1.glb,base1.jpg
bcf8a3cb-484e-444a-bf93-e78c2dd196aa,067_steamer,2,model_data2.json,base2.glb,base2.glb,base2.jpg
77cceef0-cbb1-4848-bf1f-8935a44f2969,068_boxdrink,0,model_data0.json,base0.glb,base0.glb,base0.jpg
a4081f15-09a1-45c0-9095-7cc34abcffec,068_boxdrink,1,model_data1.json,base1.glb,base1.glb,base1.jpg
146368bb-86e9-4535-b4bf-da259b975bb4,068_boxdrink,2,model_data2.json,base2.glb,base2.glb,base2.jpg
327195c2-6790-4911-ad5e-5e0db6b3c6af,068_boxdrink,3,model_data3.json,base3.glb,base3.glb,base3.jpg
23bfe861-8083-492f-a9dd-5a0434b45375,069_vagetable,0,model_data0.json,base0.glb,base0.glb,base0.jpg
d8f7277a-0301-4884-bcb1-40e6f15b01fc,069_vagetable,1,model_data1.json,base1.glb,base1.glb,base1.jpg
2e7ba4d4-d3d9-42df-a6d3-56eefa27ae21,069_vagetable,2,model_data2.json,base2.glb,base2.glb,base2.jpg
e81e0b55-7e42-4e5c-9e76-d83ddfaccab7,069_vagetable,3,model_data3.json,base3.glb,base3.glb,base3.jpg
c391985b-ac52-497b-b89d-00971e76c7e5,069_vagetable,4,model_data4.json,base4.glb,base4.glb,base4.jpg
f1cd5758-fff7-47c2-8d5e-c321671dd4ba,069_vagetable,5,model_data5.json,base5.glb,base5.glb,base5.jpg
dd566187-0df8-482f-a3d7-541b6eb6cd1b,069_vagetable,6,model_data6.json,base6.glb,base6.glb,base6.jpg
e51311eb-db3e-4b2d-9326-bb0205f5439c,070_paymentsign,0,model_data0.json,base0.glb,base0.glb,base0.jpg
58c700c8-9c04-4666-a754-812f61cfc233,070_paymentsign,1,model_data1.json,base1.glb,base1.glb,base1.jpg
f2b00344-5f2c-49d1-9b99-c8fae4a781dc,070_paymentsign,2,model_data2.json,base2.glb,base2.glb,base2.jpg
1c8b77b3-98e9-45b9-a413-04b527202966,070_paymentsign,3,model_data3.json,base3.glb,base3.glb,base3.jpg
8f1ef121-51b1-4428-aaad-58c618839b03,071_can,0,model_data0.json,base0.glb,base0.glb,base0.jpg
3cdf536f-a2b2-4072-b2dd-53c942e58710,071_can,1,model_data1.json,base1.glb,base1.glb,base1.jpg
f50cd09e-c56a-4617-8792-d4548909ceb9,071_can,2,model_data2.json,base2.glb,base2.glb,base2.jpg
bd0c5b4c-f173-4c07-8fee-d30586f0ac29,071_can,3,model_data3.json,base3.glb,base3.glb,base3.jpg
ad7c8a38-86f8-4993-9f9b-14cdd0f679ec,071_can,5,model_data5.json,base5.glb,base5.glb,base5.jpg
cd6034a9-9a02-49e1-9736-1f1c3d4d5cfb,071_can,6,model_data6.json,base6.glb,base6.glb,base6.jpg
719932a8-092a-4608-b944-f2c5d545d960,072_electronicscale,0,model_data0.json,base0.glb,base0.glb,base0.jpg
ed96a666-4682-4336-b6b7-276361fa8c29,072_electronicscale,1,model_data1.json,base1.glb,base1.glb,base1.jpg
c0caf4b8-b6a9-44bb-a56a-35c87073c003,072_electronicscale,2,model_data2.json,base2.glb,base2.glb,base2.jpg
47f62dba-b4f1-47bf-8e45-3475446cdb94,072_electronicscale,5,model_data5.json,base5.glb,base5.glb,base5.jpg
cfa44384-7d16-466f-b647-c8929191ab80,072_electronicscale,6,model_data6.json,base6.glb,base6.glb,base6.jpg
10933a30-4679-487e-90d4-5747eb3e8bc5,073_rubikscube,0,model_data0.json,base0.glb,base0.glb,base0.jpg
abf80de6-c37e-4c81-bb4c-3ee9ea331c34,073_rubikscube,1,model_data1.json,base1.glb,base1.glb,base1.jpg
6baaffd4-592f-44b1-89ef-570eb4a751e6,073_rubikscube,2,model_data2.json,base2.glb,base2.glb,base2.jpg
f57427eb-50ea-4d5c-aef9-205032842371,074_displaystand,0,model_data0.json,base0.glb,base0.glb,base0.jpg
edc5644c-49b0-47f1-8558-8c43105c5949,074_displaystand,1,model_data1.json,base1.glb,base1.glb,base1.jpg
95537141-df25-4fa0-9eff-8d171722c4fd,074_displaystand,2,model_data2.json,base2.glb,base2.glb,base2.jpg
206466a7-bc79-46c0-ba3b-0a505476de50,074_displaystand,3,model_data3.json,base3.glb,base3.glb,base3.jpg
176f686e-bd72-4180-a9f5-10340b408337,074_displaystand,4,model_data4.json,base4.glb,base4.glb,base4.jpg
d780ce6a-b242-4605-b9b5-85baac9322d0,075_bread,0,model_data0.json,base0.glb,base0.glb,base0.jpg
a0c6a447-78c0-48f3-8f44-7dce86ba80f0,075_bread,1,model_data1.json,base1.glb,base1.glb,base1.jpg
3473b6ff-afb2-4e04-9dd4-ad9262616601,075_bread,2,model_data2.json,base2.glb,base2.glb,base2.jpg
acd820b8-ff7d-4607-b4f4-7034af264fb1,075_bread,3,model_data3.json,base3.glb,base3.glb,base3.jpg
faa35475-ba5e-4a14-95a6-3197808d6c49,075_bread,4,model_data4.json,base4.glb,base4.glb,base4.jpg
71007a46-9826-457e-a6f7-b9269fa9d8e1,075_bread,5,model_data5.json,base5.glb,base5.glb,base5.jpg
8575112e-7511-42db-9076-0644fe01bcc5,075_bread,6,model_data6.json,base6.glb,base6.glb,base6.jpg
85949925-fb22-4307-aa92-f0c2e485dfa6,076_breadbasket,0,model_data0.json,base0.glb,base0.glb,base0.jpg
98babef5-75d9-4244-b021-0f18cea9a1cc,076_breadbasket,1,model_data1.json,base1.glb,base1.glb,base1.jpg
985a8564-a977-493e-a928-543d4fa81b65,076_breadbasket,2,model_data2.json,base2.glb,base2.glb,base2.jpg
e100a9ae-74cd-47b7-9551-c683e0b97e12,076_breadbasket,3,model_data3.json,base3.glb,base3.glb,base3.jpg
f7df6e6a-6db9-41ae-9dfc-5813ec6f6bf0,076_breadbasket,4,model_data4.json,base4.glb,base4.glb,base4.jpg
1a24755f-0eed-4540-964d-0481f8c3b217,077_phone,0,model_data0.json,base0.glb,base0.glb,base0.jpg
cde9ff95-a4f5-46f2-9c58-08193efafde8,077_phone,1,model_data1.json,base1.glb,base1.glb,base1.jpg
6b0f2618-0497-4a42-a5dc-a97247ffac28,077_phone,2,model_data2.json,base2.glb,base2.glb,base2.jpg
df2008af-a787-4fe4-bc14-cb6b98779d17,077_phone,3,model_data3.json,base3.glb,base3.glb,base3.jpg
402fd1a7-90dd-4e0a-9271-52cf551779ec,077_phone,4,model_data4.json,base4.glb,base4.glb,base4.jpg
a7843de2-00cb-4eb4-a837-1fcf6d892f7c,078_phonestand,0,model_data0.json,base0.glb,base0.glb,base0.jpg
37064508-0196-4bc9-a2ed-d02a350cfc36,078_phonestand,1,model_data1.json,base1.glb,base1.glb,base1.jpg
e4753080-7b92-433d-8e9e-ceb80fe1c4a1,078_phonestand,2,model_data2.json,base2.glb,base2.glb,base2.jpg
4da02c00-6076-43d8-b2d5-a1863e514a2a,078_phonestand,3,model_data3.json,base3.glb,base3.glb,base3.jpg
12f4327e-f607-4958-8ee8-696fc6e869e3,078_phonestand,4,model_data4.json,base4.glb,base4.glb,base4.jpg
06f7cfea-37d4-4df5-af69-8a49568632cf,078_phonestand,5,model_data5.json,base5.glb,base5.glb,base5.jpg
92f5d896-13db-4af0-80c5-eb3f0b6a01fc,078_phonestand,6,model_data6.json,base6.glb,base6.glb,base6.jpg
fdac0cc5-3326-4e1e-b21c-7dc641c0b310,079_remotecontrol,0,model_data0.json,base0.glb,base0.glb,base0.jpg
25162cab-6dd0-4490-8696-24895f0a558c,079_remotecontrol,1,model_data1.json,base1.glb,base1.glb,base1.jpg
32871b15-50c2-4356-b5be-83f00822aedb,079_remotecontrol,2,model_data2.json,base2.glb,base2.glb,base2.jpg
caecdaf3-fca1-49ca-b034-f5168cd5821a,079_remotecontrol,3,model_data3.json,base3.glb,base3.glb,base3.jpg
97650d46-2d33-4dc8-915d-28f4297f648d,079_remotecontrol,4,model_data4.json,base4.glb,base4.glb,base4.jpg
a34b9ec5-3798-4103-b19e-6e9d436203a5,079_remotecontrol,5,model_data5.json,base5.glb,base5.glb,base5.jpg
9563ceb1-d7ef-4500-8e55-786dc6e5f9ac,079_remotecontrol,6,model_data6.json,base6.glb,base6.glb,base6.jpg
21c1f3fb-3643-4e17-9f2c-e278bf32d359,080_pillbottle,1,model_data1.json,base1.glb,base1.glb,base1.jpg
8a77d86d-4cf5-40dc-b1e9-a2dd4c61e559,080_pillbottle,2,model_data2.json,base2.glb,base2.glb,base2.jpg
64a251f3-8202-4cee-b622-e67d574a9021,080_pillbottle,3,model_data3.json,base3.glb,base3.glb,base3.jpg
dfd83e85-ff38-4837-befa-5006ad9c04a2,080_pillbottle,4,model_data4.json,base4.glb,base4.glb,base4.jpg
aec26e96-fac4-4963-9389-98a02837605f,080_pillbottle,5,model_data5.json,base5.glb,base5.glb,base5.jpg
f4c78267-9fba-4674-80dc-62b78e2c4d7f,081_playingcards,0,model_data0.json,base0.glb,base0.glb,base0.jpg
aa42c739-e868-4f6c-b71d-f75bf3ee0a28,081_playingcards,1,model_data1.json,base1.glb,base1.glb,base1.jpg
00aff23a-2075-44d5-a4eb-da6d5998a409,081_playingcards,2,model_data2.json,base2.glb,base2.glb,base2.jpg
0a625250-d9f1-4b11-b423-9cd8efba974d,082_smallshovel,0,model_data0.json,base0.glb,base0.glb,base0.jpg
2c51014f-aac4-4961-8964-6dc292782631,082_smallshovel,1,model_data1.json,base1.glb,base1.glb,base1.jpg
8f74ae21-6806-44cd-9e75-7f218b9896cc,082_smallshovel,2,model_data2.json,base2.glb,base2.glb,base2.jpg
9fd296fc-3e6b-40ae-9f8b-ed3cfced0dcc,082_smallshovel,3,model_data3.json,base3.glb,base3.glb,base3.jpg
18010367-714b-4f4e-8843-e1a0537f897c,083_brush,0,model_data0.json,base0.glb,base0.glb,base0.jpg
b8bb8aab-5e75-4c9f-9d4c-d38a824a41ad,083_brush,1,model_data1.json,base1.glb,base1.glb,base1.jpg
f97f8c2d-1a8c-4e87-b1b6-3d0a673d3d1a,083_brush,2,model_data2.json,base2.glb,base2.glb,base2.jpg
13bc5b65-0f1f-40f3-ad21-8f15314c6950,083_brush,3,model_data3.json,base3.glb,base3.glb,base3.jpg
eeca9dd1-d09b-4e7b-8b84-17abbcd16bc4,084_woodenmallet,0,model_data0.json,base0.glb,base0.glb,base0.jpg
bbc7af39-c9a5-411c-bffb-11740f46c3e8,084_woodenmallet,1,model_data1.json,base1.glb,base1.glb,base1.jpg
e31dadc6-9d91-477a-b08d-30f6c1fd9804,084_woodenmallet,2,model_data2.json,base2.glb,base2.glb,base2.jpg
dd0c5807-e8d4-4866-a4ae-718fa666d090,084_woodenmallet,3,model_data3.json,base3.glb,base3.glb,base3.jpg
1e15d0e7-b036-49b2-b2cf-92e6eccf3f7a,084_woodenmallet,4,model_data4.json,base4.glb,base4.glb,base4.jpg
14d90e11-79ef-493a-88ec-a4dbe52eb705,085_gong,0,model_data0.json,base0.glb,base0.glb,base0.jpg
b470fe6f-43e1-4414-91e7-3b3fdf9e9f8e,085_gong,1,model_data1.json,base1.glb,base1.glb,base1.jpg
15838fc5-9bd5-4138-a00e-e2f73ba6cd53,085_gong,2,model_data2.json,base2.glb,base2.glb,base2.jpg
f4f214a1-5117-4bd8-914b-c217abae5df3,085_gong,3,model_data3.json,base3.glb,base3.glb,base3.jpg
aa01bcfc-2436-4d01-a8c2-e6cbeb126ff0,085_gong,4,model_data4.json,base4.glb,base4.glb,base4.jpg
56e0a501-d379-44f5-9a91-2a4999236ca8,085_gong,5,model_data5.json,base5.glb,base5.glb,base5.jpg
aabb376a-ece7-4d53-ba25-6fb5cd66cef4,086_woodenblock,0,model_data0.json,base0.glb,base0.glb,base0.jpg
5c65238d-10b0-40d4-91dc-b242f3cdbe33,086_woodenblock,1,model_data1.json,base1.glb,base1.glb,base1.jpg
d2b81fbf-6a94-4751-be8d-eee2dec91220,086_woodenblock,2,model_data2.json,base2.glb,base2.glb,base2.jpg
3d4637fb-d696-4cd6-a4ae-54a3d31f7340,086_woodenblock,3,model_data3.json,base3.glb,base3.glb,base3.jpg
4e0f8532-f526-46da-8959-51a92f340ba9,086_woodenblock,4,model_data4.json,base4.glb,base4.glb,base4.jpg
cb562d1b-b308-471a-9f78-1932fbb2fc07,087_waterer,0,model_data0.json,base0.glb,base0.glb,base0.jpg
fc4e47ed-d4c2-4c25-aea2-424d5b7fd0ea,087_waterer,1,model_data1.json,base1.glb,base1.glb,base1.jpg
2ac3c496-a37f-4713-af6d-a7989a958c0b,087_waterer,2,model_data2.json,base2.glb,base2.glb,base2.jpg
d4e09171-41f8-4e4b-9ccd-7ca57654773e,087_waterer,3,model_data3.json,base3.glb,base3.glb,base3.jpg
9b4c819a-4798-4491-8ba2-0c4451029eea,087_waterer,4,model_data4.json,base4.glb,base4.glb,base4.jpg
a6e9ab42-6702-487b-b5c8-419b5d5225ef,087_waterer,5,model_data5.json,base5.glb,base5.glb,base5.jpg
b31afc99-5ad7-4756-a4a4-492a4bc8342b,087_waterer,6,model_data6.json,base6.glb,base6.glb,base6.jpg
d7f6e15d-edb9-490b-8d22-a87546e7a6bf,087_waterer,7,model_data7.json,base7.glb,base7.glb,base7.jpg
301d355d-265b-4bdf-a0a1-1f28db7346ea,088_wineglass,0,model_data0.json,base0.glb,base0.glb,base0.jpg
d255ae5d-69d4-4391-90c0-ac1406d777b5,088_wineglass,1,model_data1.json,base1.glb,base1.glb,base1.jpg
cd600c16-44f3-47e5-adcf-3e5e55b6d9c4,088_wineglass,2,model_data2.json,base2.glb,base2.glb,base2.jpg
34f4868e-8620-42bc-949e-6954ff11796f,088_wineglass,3,model_data3.json,base3.glb,base3.glb,base3.jpg
358e789e-3cc7-479a-af54-46bd832243c4,088_wineglass,4,model_data4.json,base4.glb,base4.glb,base4.jpg
de4e6c10-729a-4d7a-8033-1bac871f8e48,089_globe,2,model_data2.json,base2.glb,base2.glb,base2.jpg
6a6c0ecf-fdf9-455c-8dbe-1e03c580bd5e,089_globe,3,model_data3.json,base3.glb,base3.glb,base3.jpg
b29ff15c-c05c-4f37-a7ec-6219f1105978,090_trophy,0,model_data0.json,base0.glb,base0.glb,base0.jpg
3d03c610-199e-4808-bfe6-8bb3e1cd46a2,090_trophy,1,model_data1.json,base1.glb,base1.glb,base1.jpg
ae4adda3-7659-4047-81e3-8df0ef36db30,090_trophy,2,model_data2.json,base2.glb,base2.glb,base2.jpg
e3fd79e3-fe8b-4444-8f2c-0f94e29f4788,090_trophy,3,model_data3.json,base3.glb,base3.glb,base3.jpg
ef6de1e3-b357-454b-aaa5-9a80949b9a8a,090_trophy,4,model_data4.json,base4.glb,base4.glb,base4.jpg
ca75d88c-3efa-4690-b38b-08260de50d04,091_kettle,0,model_data0.json,base0.glb,base0.glb,base0.jpg
8e2582e5-6b55-425f-957b-9b2c4544324c,091_kettle,1,model_data1.json,base1.glb,base1.glb,base1.jpg
a375c8ce-78a4-427a-8da7-8e7778e7e3a2,091_kettle,2,model_data2.json,base2.glb,base2.glb,base2.jpg
39a97ff4-0872-4c89-99c3-7e775ec4f5bb,091_kettle,3,model_data3.json,base3.glb,base3.glb,base3.jpg
151621c1-24ea-4b67-9df9-13c47e41ec05,091_kettle,4,model_data4.json,base4.glb,base4.glb,base4.jpg
064fe910-a80f-4581-a8fd-4df447ff8e04,091_kettle,5,model_data5.json,base5.glb,base5.glb,base5.jpg
c42859b0-9e06-4c3c-97c5-8d1cfa31d32e,092_notebook,0,model_data0.json,base0.glb,base0.glb,base0.jpg
0b715f9d-6335-40af-969a-148265f20aea,092_notebook,1,model_data1.json,base1.glb,base1.glb,base1.jpg
10c2f6f6-b143-4a4a-9ec8-1efb53d16377,092_notebook,2,model_data2.json,base2.glb,base2.glb,base2.jpg
c8958c3b-2c90-452d-bdea-fc1c797a79ce,093_brush-pen,0,model_data0.json,base0.glb,base0.glb,base0.jpg
22655f24-6e1e-4010-b2ec-c78ec21f96f7,093_brush-pen,1,model_data1.json,base1.glb,base1.glb,base1.jpg
97776e60-5084-449e-b161-37ec7bf910f9,093_brush-pen,2,model_data2.json,base2.glb,base2.glb,base2.jpg
f43bae46-f6fc-4841-9aa4-01297a7ebfaf,093_brush-pen,3,model_data3.json,base3.glb,base3.glb,base3.jpg
fc2e8eae-4b4a-473d-aabe-ed57c957c31a,093_brush-pen,4,model_data4.json,base4.glb,base4.glb,base4.jpg
25ffe8c2-9d85-43b5-8d5f-6845a82d1386,093_brush-pen,5,model_data5.json,base5.glb,base5.glb,base5.jpg
1f9f6e90-2581-439d-8e29-98889deab301,094_rest,0,model_data0.json,base0.glb,base0.glb,base0.jpg
d3682ed9-84af-435c-9a1e-2615a3baf831,094_rest,1,model_data1.json,base1.glb,base1.glb,base1.jpg
64e9cf6f-5f86-4b78-8f1a-107d2423f653,094_rest,2,model_data2.json,base2.glb,base2.glb,base2.jpg
cb6ef469-6ef1-4a29-87c9-83659a5f2705,094_rest,3,model_data3.json,base3.glb,base3.glb,base3.jpg
c9dd303c-91fc-4bc6-8fd4-737d3ee8a018,095_glue,0,model_data0.json,base0.glb,base0.glb,base0.jpg
4ec1a7df-33b4-4379-928c-0d30024260a9,095_glue,1,model_data1.json,base1.glb,base1.glb,base1.jpg
fe256e82-206b-4031-a3f8-4c74349f07df,095_glue,2,model_data2.json,base2.glb,base2.glb,base2.jpg
6c7c1200-bf68-42ab-8c6b-1c798015beee,095_glue,4,model_data4.json,base4.glb,base4.glb,base4.jpg
9fc31291-41fe-468a-be23-26fbb6a9877b,095_glue,5,model_data5.json,base5.glb,base5.glb,base5.jpg
f1fa87ca-4f8c-402f-a598-36cbdce41f5c,095_glue,6,model_data6.json,base6.glb,base6.glb,base6.jpg
638598b7-e011-4c1b-b884-c3aa5f709e06,096_cleaner,0,model_data0.json,base0.glb,base0.glb,base0.jpg
44d45c87-7a45-44d9-b00c-d3a72608d80e,096_cleaner,1,model_data1.json,base1.glb,base1.glb,base1.jpg
b88b1803-1075-432f-9b3b-4ef19e7cb9e8,096_cleaner,2,model_data2.json,base2.glb,base2.glb,base2.jpg
2ed1cd1e-7a63-48eb-ad5e-09a8f71849c2,096_cleaner,3,model_data3.json,base3.glb,base3.glb,base3.jpg
a513c2c5-6c5c-40a2-82f5-4257dde8f943,097_screen,0,model_data0.json,base0.glb,base0.glb,base0.jpg
60858cf9-5862-4a0b-a9c2-2c703ce429d1,097_screen,1,model_data1.json,base1.glb,base1.glb,base1.jpg
b161caa6-2ce4-43ef-9822-b60a458cc611,097_screen,2,model_data2.json,base2.glb,base2.glb,base2.jpg
860a6e16-fd48-498e-b8c3-2b5268b6bb1f,097_screen,3,model_data3.json,base3.glb,base3.glb,base3.jpg
26014cf4-6544-498e-b02f-d28518482b64,098_speaker,0,model_data0.json,base0.glb,base0.glb,base0.jpg
09d54890-6886-43ec-9c0b-fadcc587cd52,098_speaker,1,model_data1.json,base1.glb,base1.glb,base1.jpg
59f53bf1-8598-4893-bfd9-e65f4c22a69a,098_speaker,2,model_data2.json,base2.glb,base2.glb,base2.jpg
4442a29b-e440-419b-aa43-e8c5636c09dc,098_speaker,3,model_data3.json,base3.glb,base3.glb,base3.jpg
aaf981e8-94a9-4cae-80bf-738dc169b190,098_speaker,4,model_data4.json,base4.glb,base4.glb,base4.jpg
ca08ef54-b1d8-4bc6-83c4-cb68bba6bbb7,098_speaker,5,model_data5.json,base5.glb,base5.glb,base5.jpg
cb202b31-a27d-49fe-91df-3830b1751803,099_fan,0,model_data0.json,base0.glb,base0.glb,base0.jpg
dbba391c-f77a-40de-81d1-eeae7a6c9544,099_fan,1,model_data1.json,base1.glb,base1.glb,base1.jpg
a9dbab7b-e734-4565-b627-d0677ded7c42,099_fan,2,model_data2.json,base2.glb,base2.glb,base2.jpg
c43c002d-946a-41ce-ab9b-2348be533eb2,099_fan,3,model_data3.json,base3.glb,base3.glb,base3.jpg
e58046a2-86b9-4103-af37-0c7cc5a88643,099_fan,4,model_data4.json,base4.glb,base4.glb,base4.jpg
b7e6e104-3a08-4928-b803-bc6315807947,099_fan,5,model_data5.json,base5.glb,base5.glb,base5.jpg
8d83e29d-53eb-42a6-bb93-f79c4ac11125,099_fan,6,model_data6.json,base6.glb,base6.glb,base6.jpg
a12b4c01-ddf3-42af-a2b7-abf6f2faeb82,100_seal,0,model_data0.json,base0.glb,base0.glb,base0.jpg
73140bc2-17c8-4f2b-b3bc-b7d19e788f5b,100_seal,1,model_data1.json,base1.glb,base1.glb,base1.jpg
324df839-b73e-417b-8d4f-91dd2b58e8ef,100_seal,2,model_data2.json,base2.glb,base2.glb,base2.jpg
bc5d2a2b-2e09-44ab-802f-4add25984f81,100_seal,3,model_data3.json,base3.glb,base3.glb,base3.jpg
1868f1c5-c849-4522-95c5-c0250785e530,100_seal,4,model_data4.json,base4.glb,base4.glb,base4.jpg
c934a87b-817d-4472-a0aa-228f1f4ecf98,100_seal,6,model_data6.json,base6.glb,base6.glb,base6.jpg
886aea23-7ad0-4e70-9d79-3ccb47a14876,101_milk-tea,0,model_data0.json,base0.glb,base0.glb,base0.jpg
f5905fb4-f917-4d1e-b140-5c5e6bf0436e,101_milk-tea,1,model_data1.json,base1.glb,base1.glb,base1.jpg
4373bcb2-0b26-4eb0-9c0f-8fb3e6d642a6,101_milk-tea,2,model_data2.json,base2.glb,base2.glb,base2.jpg
1e1a99ab-4fe7-46b3-ade1-41e40e038d74,101_milk-tea,4,model_data4.json,base4.glb,base4.glb,base4.jpg
8404fd1f-dce0-4271-afb7-f4ba80515c17,101_milk-tea,5,model_data5.json,base5.glb,base5.glb,base5.jpg
fb237651-e353-4431-acd3-d22ab2f48d9a,101_milk-tea,6,model_data6.json,base6.glb,base6.glb,base6.jpg
80857190-d4af-4112-9465-4d5c141f118e,102_roller,0,model_data0.json,base0.glb,base0.glb,base0.jpg
d11e57cf-54d1-479e-b6c7-ce5f2b74eb52,102_roller,1,model_data1.json,base1.glb,base1.glb,base1.jpg
3a1d5570-1af7-48a4-ae26-7e494884adb9,102_roller,2,model_data2.json,base2.glb,base2.glb,base2.jpg
39c86e88-c4c0-4704-9fb4-cca3755d2ed9,103_fruit,0,model_data0.json,base0.glb,base0.glb,base0.jpg
91704eba-b6e1-4165-8417-00509ce7d98b,103_fruit,1,model_data1.json,base1.glb,base1.glb,base1.jpg
14f6140c-bda3-4ad0-9968-69a4df7446eb,103_fruit,2,model_data2.json,base2.glb,base2.glb,base2.jpg
eb14d4ff-b21d-4637-8423-67bc326ff67f,103_fruit,3,model_data3.json,base3.glb,base3.glb,base3.jpg
305c640f-0eb8-4286-b8fd-1abb0fbd9c1c,103_fruit,4,model_data4.json,base4.glb,base4.glb,base4.jpg
ccae8ade-5a7c-4728-9272-dc94fc66bb7c,103_fruit,5,model_data5.json,base5.glb,base5.glb,base5.jpg
b8c91dfa-09ff-423d-84d3-ba5fc5f86323,103_fruit,6,model_data6.json,base6.glb,base6.glb,base6.jpg
cc1e6630-4ef4-4e21-8bdc-8da2ff7a1380,104_board,0,model_data0.json,base0.glb,base0.glb,base0.jpg
10034027-d568-48cf-a8b3-ffdded10b4c1,104_board,1,model_data1.json,base1.glb,base1.glb,base1.jpg
78e7721c-0aa2-428f-a1bd-9855e61e66d7,104_board,2,model_data2.json,base2.glb,base2.glb,base2.jpg
348d1cdc-6834-4b52-8629-1b03741c99de,104_board,3,model_data3.json,base3.glb,base3.glb,base3.jpg
a28e20a8-c92e-4fc5-a09a-abcda683cbaf,104_board,4,model_data4.json,base4.glb,base4.glb,base4.jpg
fa48ccbc-ccfc-4ed3-83e6-a1d45260988e,105_sauce-can,0,model_data0.json,base0.glb,base0.glb,base0.jpg
4959edf8-ee61-4784-8ccd-411fc4bb4cd7,105_sauce-can,2,model_data2.json,base2.glb,base2.glb,base2.jpg
d697e0fa-a5d5-46f5-8ad4-782c5e7573fe,105_sauce-can,4,model_data4.json,base4.glb,base4.glb,base4.jpg
fdd253d2-befc-421d-b3a0-751b97569537,105_sauce-can,5,model_data5.json,base5.glb,base5.glb,base5.jpg
7c09cc4e-5a47-4b36-9246-6a5c065b3ee6,105_sauce-can,6,model_data6.json,base6.glb,base6.glb,base6.jpg
bb33262a-7938-48ff-a4b8-6e45ee609ecd,106_skillet,0,model_data0.json,base0.glb,base0.glb,base0.jpg
5eed2915-f13e-4a40-afa2-de1c578cb71f,106_skillet,1,model_data1.json,base1.glb,base1.glb,base1.jpg
84a70c02-79cb-4adf-9929-e2b160f24c97,106_skillet,2,model_data2.json,base2.glb,base2.glb,base2.jpg
ab962f95-41db-40fd-a8de-12871dc8f6e7,106_skillet,3,model_data3.json,base3.glb,base3.glb,base3.jpg
10a93ff5-a3c6-40a4-9f2e-d961d7a10869,107_soap,0,model_data0.json,base0.glb,base0.glb,base0.jpg
7e588891-15cd-4a36-a17b-a246fbce6b1e,107_soap,1,model_data1.json,base1.glb,base1.glb,base1.jpg
da07d463-a45c-438d-9f95-cdc6f381da87,107_soap,2,model_data2.json,base2.glb,base2.glb,base2.jpg
1b549f92-8acd-47f0-8741-26881d89df49,107_soap,3,model_data3.json,base3.glb,base3.glb,base3.jpg
cb5212e5-9e84-4daf-bf03-1f9c308734bd,108_block,0,model_data0.json,base0.glb,base0.glb,base0.jpg
7959b3a5-7b6a-4a93-b493-eefd929afbb1,108_block,1,model_data1.json,base1.glb,base1.glb,base1.jpg
1dbc90b1-1481-4ece-b9dd-49dac2f52ee7,108_block,2,model_data2.json,base2.glb,base2.glb,base2.jpg
606ecb5c-fcbe-49c5-af6e-ef06fa8c9a76,108_block,3,model_data3.json,base3.glb,base3.glb,base3.jpg
036ed941-bde8-4426-bcc5-61cc44b56d23,108_block,4,model_data4.json,base4.glb,base4.glb,base4.jpg
a659599e-23b9-45e2-b589-3b8872c19b78,108_block,5,model_data5.json,base5.glb,base5.glb,base5.jpg
92c37c6d-b7a1-43c9-9514-420255257198,108_block,6,model_data6.json,base6.glb,base6.glb,base6.jpg
a82dc5d4-c97d-4dd4-b938-488fb61b8848,109_hydrating-oil,0,model_data0.json,base0.glb,base0.glb,base0.jpg
022d5a69-0489-4e43-8125-81bab23495d7,109_hydrating-oil,1,model_data1.json,base1.glb,base1.glb,base1.jpg
03009e18-d171-4b19-a769-fcab6b77ef75,109_hydrating-oil,2,model_data2.json,base2.glb,base2.glb,base2.jpg
9a41ef6e-e1b0-49b0-88f3-08bc1bd2e5ba,109_hydrating-oil,5,model_data5.json,base5.glb,base5.glb,base5.jpg
1dbc08f5-d5a0-4463-bc2d-19f99f467b56,110_basket,0,model_data0.json,base0.glb,base0.glb,base0.jpg
23d24cf9-ee80-4219-8b09-df6ff49105de,110_basket,1,model_data1.json,base1.glb,base1.glb,base1.jpg
fd1100f9-6871-40aa-90dd-0a89b31c5535,110_basket,2,model_data2.json,base2.glb,base2.glb,base2.jpg
89cd4f7a-d5f0-43cf-b2e7-dd6a54b140dc,110_basket,3,model_data3.json,base3.glb,base3.glb,base3.jpg
e7f3b550-5040-4567-ae61-a2c2c92ce2c7,111_callbell,0,model_data0.json,base0.glb,base0.glb,base0.jpg
d59e8adb-6f09-4d32-ba6d-681717c4b313,111_callbell,1,model_data1.json,base1.glb,base1.glb,base1.jpg
da8fcbdf-49b8-44c9-afbe-a7e5dd39c72a,111_callbell,2,model_data2.json,base2.glb,base2.glb,base2.jpg
a68132dd-b99e-41aa-8dc3-f13e793f4aa6,111_callbell,3,model_data3.json,base3.glb,base3.glb,base3.jpg
895e505e-56a4-4841-b8e5-a5435764d951,111_callbell,4,model_data4.json,base4.glb,base4.glb,base4.jpg
74346391-01bb-41ff-81b3-2e958bb91b07,111_callbell,5,model_data5.json,base5.glb,base5.glb,base5.jpg
b552e1f6-3e4f-494c-8b63-772ef0a88d79,112_tea-box,0,model_data0.json,base0.glb,base0.glb,base0.jpg
1cfa5169-ee62-4caa-9e96-72510ae60ec2,112_tea-box,1,model_data1.json,base1.glb,base1.glb,base1.jpg
d5661b08-d211-4916-bb14-57513f3cb00f,112_tea-box,2,model_data2.json,base2.glb,base2.glb,base2.jpg
7b084ecb-0834-46ce-9ba1-118912c7fa59,112_tea-box,3,model_data3.json,base3.glb,base3.glb,base3.jpg
939e2468-9a24-464c-bf42-85df9fb51570,112_tea-box,4,model_data4.json,base4.glb,base4.glb,base4.jpg
f9d3016e-ac2a-4afd-935c-4da18d30ebf3,112_tea-box,5,model_data5.json,base5.glb,base5.glb,base5.jpg
24c55991-b88c-43c4-b690-273128912e09,113_coffee-box,0,model_data0.json,base0.glb,base0.glb,base0.jpg
14b635e4-4b2e-4e5c-9d4a-e05265e7868e,113_coffee-box,1,model_data1.json,base1.glb,base1.glb,base1.jpg
3a1e099e-38e2-457f-8b27-02a9a18b2604,113_coffee-box,2,model_data2.json,base2.glb,base2.glb,base2.jpg
112201f8-fdfd-4f1d-a06a-cb7348186a40,113_coffee-box,3,model_data3.json,base3.glb,base3.glb,base3.jpg
ddd509fd-b7cc-4135-91a6-981b7c50ab75,113_coffee-box,4,model_data4.json,base4.glb,base4.glb,base4.jpg
264c5fa5-dbda-4ffe-bd90-26c5031469e0,113_coffee-box,5,model_data5.json,base5.glb,base5.glb,base5.jpg
3d2c90fe-baf9-4fe5-b2a9-754a29415fe3,113_coffee-box,6,model_data6.json,base6.glb,base6.glb,base6.jpg
5fdf9842-246b-4b7e-bcb9-644c980d3873,114_bottle,1,model_data1.json,base1.glb,base1.glb,base1.jpg
70a8e2f9-9b8d-45f2-aae6-59dad6c94045,114_bottle,2,model_data2.json,base2.glb,base2.glb,base2.jpg
bcfaf93d-5388-4f91-a81c-25c58c08f70d,114_bottle,3,model_data3.json,base3.glb,base3.glb,base3.jpg
41d7bf47-f9aa-4f43-b662-e665978491ed,114_bottle,4,model_data4.json,base4.glb,base4.glb,base4.jpg
866f1a15-62bf-40dd-8803-dbc0e81945a6,115_perfume,0,model_data0.json,base0.glb,base0.glb,base0.jpg
b01a4724-2023-4cfc-af06-eee9046e5108,115_perfume,1,model_data1.json,base1.glb,base1.glb,base1.jpg
bb42145c-9c63-4a36-93e8-612e26d41e17,115_perfume,2,model_data2.json,base2.glb,base2.glb,base2.jpg
1671a6ad-0931-4f05-8b76-bc8c2addebe0,115_perfume,3,model_data3.json,base3.glb,base3.glb,base3.jpg
1381294f-cf70-4d74-8074-7000662093f3,116_keyboard,0,model_data0.json,base0.glb,base0.glb,base0.jpg
10ea2e73-6b17-430e-b10d-c43a75189a72,116_keyboard,1,model_data1.json,base1.glb,base1.glb,base1.jpg
9ae18707-dd56-4d46-b11a-2284df9c4df7,116_keyboard,2,model_data2.json,base2.glb,base2.glb,base2.jpg
e692e6bd-2e95-40d7-8979-c64c3825b7bd,116_keyboard,3,model_data3.json,base3.glb,base3.glb,base3.jpg
6ea25e85-6fa8-4387-8565-1de4065d628b,117_whiteboard-eraser,0,model_data0.json,base0.glb,base0.glb,base0.jpg
7d31ef75-83f0-44c1-bb73-31cabb82416f,118_tooth-paste,0,model_data0.json,base0.glb,base0.glb,base0.jpg
c8be82f8-b321-4690-8593-88e04c3d62ad,119_mini-chalkboard,0,model_data0.json,base0.glb,base0.glb,base0.jpg
8734fd2c-7126-4300-84cc-4574556768c7,120_plant,0,model_data0.json,base0.glb,base0.glb,base0.jpg
